Branch,Menu_Type,Customer_Count,Total_Sales,Avg_Spent_Per_Customer,branch_total_sales,branch_total_customers,sales_share_in_branch,customer_share_in_branch,is_premium_menu_in_branch
Conut - Tyre,DELIVERY,79.0,196978675.52,2493400.96,5118958154.2300005,3117.0,0.0384802277309551,0.025344882900224575,1
Conut - Tyre,TAKE AWAY,3038.0,4921979478.71,1620138.08,5118958154.2300005,3117.0,0.9615197722690448,0.9746551170997754,0
Conut,DELIVERY,6.0,9745702.7,1624283.79,3882259399.65,2744.0,0.0025103172397183482,0.002186588921282799,1
Conut,TABLE,2609.0,3679878143.15,1410455.4,3882259399.65,2744.0,0.9478702385218656,0.950801749271137,0
Conut,TAKE AWAY,129.0,192635553.8,1493298.87,3882259399.65,2744.0,0.04961944423841612,0.04701166180758017,0
Conut Jnah,TABLE,5045.0,5669069616.74,1123700.62,5669069616.74,5045.0,1.0,1.0,0
Main Street Coffee,TABLE,3640.0,5271762462.21,1448286.39,5271762462.21,3640.0,1.0,1.0,0
