Branch,VAT_11_Percent,Total_Revenue,revenue_share_overall,revenue_rank,revenue_percentile,revenue_tier,vat_to_revenue_ratio
Conut,427048534.35,427048534.35,0.1946726871005548,4,0.25,low,1.0
Conut - Tyre,563134562.83,563134562.83,0.2567083357683752,3,0.5,mid,1.0
Conut Jnah,623597658.93,623597658.93,0.2842708080436206,1,1.0,top,1.0
Main Street Coffee,579893871.34,579893871.34,0.2643481690874493,2,0.75,mid,1.0
