Branch,VAT_11_Percent,Total_Revenue,revenue_share_overall,revenue_rank,revenue_percentile,revenue_tier,vat_to_revenue_ratio,avg_monthly_sales,max_monthly_sales,min_monthly_sales,std_monthly_sales,avg_monthly_growth
Conut,427048534.35,427048534.35,0.1946726871005548,4,0.25,low,1.0,778973128.572,1351165728.11,67887513.35,503013734.8993295,0.025973652193317875
Conut - Tyre,563134562.83,563134562.83,0.2567083357683752,3,0.5,mid,1.0,1035377151.15,2100816729.45,444800810.51,671587339.2033515,0.774729723305176
Conut Jnah,623597658.93,623597658.93,0.2842708080436206,1,1.0,top,1.0,1137869256.046,2878191130.49,363540268.13,995990224.7033108,0.8269399710874166
Main Street Coffee,579893871.34,579893871.34,0.2643481690874493,2,0.75,mid,1.0,1328045342.5875,3074216293.59,145842540.35,1243279734.3872018,2.4029644468251745
